{"cameraMode":{"drawMode":0,"name":"Shaded","section":"Shading Mode"},"sceneLighting":false,"audioPlay":false,"sceneViewState":{"m_AlwaysRefresh":false,"showFog":true,"showSkybox":true,"showFlares":true,"showImageEffects":true,"showParticleSystems":true,"showVisualEffectGraphs":true,"m_FxEnabled":true},"in2DMode":false,"pivot":{"x":1.5239408016204835,"y":6.494199752807617,"z":-22.21027374267578},"rotation":{"x":0.47356122732162478,"y":0.055419452488422397,"z":-0.029873846098780633,"w":0.8785091042518616},"size":18.35039710998535,"orthographic":true}