{"cameraMode":{"drawMode":0,"name":"Shaded","section":"Shading Mode"},"sceneLighting":true,"audioPlay":false,"sceneViewState":{"m_AlwaysRefresh":false,"showFog":true,"showSkybox":true,"showFlares":true,"showImageEffects":true,"showParticleSystems":true,"showVisualEffectGraphs":true,"m_FxEnabled":true},"in2DMode":false,"pivot":{"x":-11.352906227111817,"y":-1.4121290445327759,"z":18.91610336303711},"rotation":{"x":0.47362324595451357,"y":-0.10651503503322602,"z":0.057830147445201877,"w":0.8723488450050354},"size":18.744979858398439,"orthographic":true}