{"cameraMode":{"drawMode":0,"name":"Shaded","section":"Shading Mode"},"sceneLighting":true,"audioPlay":false,"sceneViewState":{"m_AlwaysRefresh":false,"showFog":true,"showSkybox":true,"showFlares":true,"showImageEffects":true,"showParticleSystems":true,"showVisualEffectGraphs":true,"m_FxEnabled":true},"in2DMode":false,"pivot":{"x":25.36216926574707,"y":56.41438674926758,"z":3.8723292350769045},"rotation":{"x":-0.7280800938606262,"y":-0.031241174787282945,"z":0.03320743888616562,"w":-0.6840075850486755},"size":10.508551597595215,"orthographic":true}