{"cameraMode":{"drawMode":0,"name":"Shaded","section":"Shading Mode"},"sceneLighting":true,"audioPlay":false,"sceneViewState":{"m_AlwaysRefresh":false,"showFog":true,"showSkybox":true,"showFlares":true,"showImageEffects":true,"showParticleSystems":true,"showVisualEffectGraphs":true,"m_FxEnabled":true},"in2DMode":false,"pivot":{"x":-0.07223701477050781,"y":1.356266736984253,"z":2.4028358459472658},"rotation":{"x":0.538843035697937,"y":-0.009097383357584477,"z":0.005820027552545071,"w":0.8423420190811157},"size":34.74430847167969,"orthographic":true}