{"cameraMode":{"drawMode":0,"name":"Shaded","section":"Shading Mode"},"sceneLighting":true,"audioPlay":false,"sceneViewState":{"m_AlwaysRefresh":false,"showFog":true,"showSkybox":true,"showFlares":true,"showImageEffects":true,"showParticleSystems":true,"showVisualEffectGraphs":true,"m_FxEnabled":true},"in2DMode":false,"pivot":{"x":-0.07223701477050781,"y":1.356266736984253,"z":2.4028358459472658},"rotation":{"x":0.6778851747512817,"y":0.004410859197378159,"z":-0.004067475441843271,"w":0.7351444363594055},"size":33.24814224243164,"orthographic":true}