{"cameraMode":{"drawMode":0,"name":"Shaded","section":"Shading Mode"},"sceneLighting":true,"audioPlay":false,"sceneViewState":{"m_AlwaysRefresh":false,"showFog":true,"showSkybox":true,"showFlares":true,"showImageEffects":true,"showParticleSystems":true,"showVisualEffectGraphs":true,"m_FxEnabled":true},"in2DMode":false,"pivot":{"x":13.378443717956543,"y":7.743990421295166,"z":-3.1235313415527345},"rotation":{"x":0.3067028820514679,"y":-0.1617157906293869,"z":0.052963532507419589,"w":0.9364702105522156},"size":38.56199264526367,"orthographic":false}